ticker,opening,closing,high,low,date
ACIW,38.68,37.88,38.69,37.18,2021-01-04
ACIW,37.75,38.0,38.18,37.74,2021-01-05
ACIW,38.18,38.63,39.32,37.96,2021-01-06
ACIW,38.98,39.14,39.19,38.7,2021-01-07
ACIW,39.5,39.21,40.29,38.93,2021-01-08
ACIW,38.62,38.61,39.34,38.4,2021-01-11
ACIW,38.6,39.0,39.1,38.23,2021-01-12
ACIW,38.96,38.5,39.28,38.385,2021-01-13
ACIW,38.71,38.22,39.49,38.05,2021-01-14
ACIW,38.03,38.45,38.66,37.6,2021-01-15
ACIW,38.92,38.3,38.92,38.15,2021-01-19
ACIW,38.3,38.63,39.17,38.3,2021-01-20
ACIW,40.75,40.5,40.96,39.77,2021-01-21
ACIW,40.37,40.3,40.88,39.8001,2021-01-22
ACIW,40.35,39.52,40.38,39.19,2021-01-25
ACIW,39.79,39.33,39.98,39.3,2021-01-26
ACIW,38.6,38.01,38.995,37.69,2021-01-27
ACIW,38.89,38.77,39.34,38.36,2021-01-28
ACIW,39.08,38.39,39.78,38.25,2021-01-29
ACIW,38.72,39.59,39.89,38.56,2021-02-01
ACIW,39.89,39.87,40.28,39.34,2021-02-02
ACIW,39.86,39.64,40.19,39.47,2021-02-03
ACIW,39.72,40.25,40.36,39.52,2021-02-04
ACIW,40.5,40.53,40.71,39.97,2021-02-05
ACIW,40.89,41.01,41.02,40.42,2021-02-08
ACIW,41.13,41.46,41.64,40.5744,2021-02-09
ACIW,41.34,41.18,41.87,41.0,2021-02-10
ACIW,41.48,41.21,41.66,40.82,2021-02-11
ACIW,41.13,41.32,41.505,40.86,2021-02-12
ACIW,41.4,41.35,41.55,40.79,2021-02-16
ACIW,40.98,43.1,43.2265,40.81,2021-02-17
ACIW,42.77,42.65,43.19,42.38,2021-02-18
ACIW,42.67,42.43,42.98,42.21,2021-02-19
ACIW,42.09,42.25,42.67,41.9,2021-02-22
ACIW,41.78,41.46,41.99,40.7,2021-02-23
ACIW,41.44,41.43,41.97,41.0,2021-02-24
ACIW,40.57,37.62,40.84,37.59,2021-02-25
ACIW,38.15,38.26,39.05,37.75,2021-02-26
ACIW,39.11,39.36,39.99,38.775,2021-03-01
ACIW,39.24,38.5,39.69,38.245,2021-03-02
ACIW,38.34,37.66,38.72,37.24,2021-03-03
ACIW,37.51,36.86,38.08,36.49,2021-03-04
ACIW,37.27,38.29,38.33,36.575,2021-03-05
ACIW,38.45,38.76,39.7,38.44,2021-03-08
ACIW,39.39,39.56,40.19,39.33,2021-03-09
ACIW,39.89,39.68,40.26,39.46,2021-03-10
ACIW,40.15,40.68,40.85,40.05,2021-03-11
ACIW,40.5,40.69,41.135,40.31,2021-03-12
ACIW,40.64,40.475,40.77,40.09,2021-03-15
ACIW,40.45,39.96,40.79,39.85,2021-03-16
ACIW,39.71,39.6,39.71,38.68,2021-03-17
ACIW,39.12,39.23,40.05,39.09,2021-03-18
ACIW,38.98,39.34,39.62,38.665,2021-03-19
ACIW,39.21,38.79,39.89,38.75,2021-03-22
ACIW,38.43,37.2,39.23,36.98,2021-03-23
ACIW,37.58,37.03,38.42,37.01,2021-03-24
ACIW,36.88,37.455,37.72,36.03,2021-03-25
ACIW,37.63,38.21,38.22,37.34,2021-03-26
ACIW,37.87,37.45,38.39,37.14,2021-03-29
ACIW,37.39,37.99,38.45,37.0,2021-03-30
ACIW,38.24,38.05,38.8,37.51,2021-03-31
ACIW,38.47,38.81,39.35,38.47,2021-04-01
ACIW,39.26,39.29,39.48,38.57,2021-04-05
ACIW,39.19,39.38,39.71,38.95,2021-04-06
ACIW,39.47,38.77,39.81,38.68,2021-04-07
ACIW,38.99,39.91,39.91,38.8,2021-04-08
ACIW,39.91,40.2,40.25,39.47,2021-04-09
ACIW,40.23,40.39,40.58,39.82,2021-04-12
ACIW,40.24,40.5,40.58,39.52,2021-04-13
ACIW,40.72,40.35,40.83,40.145,2021-04-14
ACIW,40.74,40.6,40.87,40.49,2021-04-15
ACIW,40.71,40.68,41.02,40.5,2021-04-16
ACIW,40.6,40.36,40.775,39.92,2021-04-19
ACIW,40.02,39.85,40.5,39.68,2021-04-20
ACIW,39.83,40.39,40.62,39.59,2021-04-21
ACIW,40.36,40.21,40.98,40.17,2021-04-22
ACIW,40.2,40.37,40.705,40.19,2021-04-23
ACIW,40.63,40.63,41.16,39.68,2021-04-26
ACIW,40.6,40.42,41.1,40.24,2021-04-27
ACIW,40.32,40.15,40.58,40.09,2021-04-28
ACIW,40.24,39.45,40.545,39.315,2021-04-29
ACIW,38.99,37.78,39.08,37.54,2021-04-30
ACIW,38.17,38.07,38.45,37.92,2021-05-03
ACIW,37.84,37.76,38.71,37.14,2021-05-04
ACIW,37.89,37.16,38.51,36.81,2021-05-05
ACIW,36.91,37.56,37.59,35.59,2021-05-06
ACIW,37.74,38.33,38.46,37.67,2021-05-07
ACIW,38.15,38.79,39.91,38.14,2021-05-10
ACIW,38.02,39.28,39.53,38.0,2021-05-11
ACIW,39.06,38.59,39.52,38.46,2021-05-12
ACIW,38.48,39.5,39.99,38.48,2021-05-13
ACIW,39.96,39.84,40.08,39.66,2021-05-14
ACIW,39.63,39.86,40.07,39.54,2021-05-17
ACIW,39.93,39.18,40.02,39.16,2021-05-18
ACIW,38.56,38.91,39.36,38.04,2021-05-19
ACIW,39.12,39.67,39.97,39.12,2021-05-20
ACIW,39.94,39.6,40.02,39.4,2021-05-21
ACIW,39.8,39.93,40.05,38.88,2021-05-24
ACIW,40.22,39.57,40.31,39.43,2021-05-25
ACIW,39.64,39.32,39.94,39.24,2021-05-26
ACIW,39.58,38.92,39.58,38.76,2021-05-27
ACIW,39.27,38.26,39.68,38.18,2021-05-28
ACIW,38.44,39.0,39.14,38.18,2021-06-01
ACIW,39.12,38.82,39.31,38.57,2021-06-02
ACIW,38.6,38.78,38.88,38.01,2021-06-03
ACIW,38.94,39.13,39.23,38.775,2021-06-04
ACIW,39.3,38.71,39.54,38.61,2021-06-07
ACLS,29.25,28.6,30.39,28.47,2021-01-04
ACLS,28.76,29.41,29.72,28.76,2021-01-05
ACLS,29.31,29.92,30.25,29.2501,2021-01-06
ACLS,30.28,31.45,31.54,30.0771,2021-01-07
ACLS,31.99,31.68,32.36,31.39,2021-01-08
ACLS,28.53,30.77,31.0,28.45,2021-01-11
ACLS,30.92,31.63,31.8281,30.5,2021-01-12
ACLS,33.85,37.18,37.64,33.1,2021-01-13
ACLS,38.7,37.18,39.65,37.01,2021-01-14
ACLS,36.83,34.92,36.87,34.26,2021-01-15
ACLS,36.47,38.99,39.22,36.05,2021-01-19
ACLS,39.25,38.78,39.38,37.33,2021-01-20
ACLS,39.94,39.93,40.11,39.0838,2021-01-21
ACLS,38.96,40.09,40.62,38.93,2021-01-22
ACLS,40.88,39.53,40.9458,38.92,2021-01-25
ACLS,39.8158,37.44,39.8158,37.33,2021-01-26
ACLS,37.0,34.92,37.05,34.69,2021-01-27
ACLS,35.11,36.16,37.0,35.0,2021-01-28
ACLS,36.0,34.24,36.02,34.23,2021-01-29
ACLS,35.18,36.15,36.22,34.7562,2021-02-01
ACLS,37.33,37.34,37.62,36.4967,2021-02-02
ACLS,37.77,36.12,37.77,35.8322,2021-02-03
ACLS,36.09,37.33,37.34,36.0,2021-02-04
ACLS,37.71,36.9,37.71,36.42,2021-02-05
ACLS,37.1,38.8,38.82,36.9,2021-02-08
ACLS,38.49,38.22,38.8,37.7,2021-02-09
ACLS,38.33,38.56,39.55,37.87,2021-02-10
ACLS,38.77,38.92,39.49,37.1718,2021-02-11
ACLS,39.5,39.76,40.331,38.91,2021-02-12
ACLS,39.79,40.45,41.2,39.55,2021-02-16
ACLS,39.79,39.54,40.3,38.58,2021-02-17
ACLS,39.06,38.43,39.69,38.08,2021-02-18
ACLS,39.07,39.75,40.2,39.07,2021-02-19
ACLS,39.01,39.02,39.59,38.66,2021-02-22
ACLS,38.2,37.26,38.24,35.56,2021-02-23
ACLS,37.6,38.73,39.06,36.91,2021-02-24
ACLS,38.42,36.56,38.545,36.322,2021-02-25
ACLS,36.99,36.87,37.8232,36.04,2021-02-26
ACLS,37.45,39.71,39.79,37.4,2021-03-01
ACLS,39.73,37.94,39.99,37.88,2021-03-02
ACLS,38.11,38.47,39.05,37.81,2021-03-03
ACLS,38.22,35.78,38.6899,35.0003,2021-03-04
ACLS,36.1,37.2,37.3,35.65,2021-03-05
ACLS,37.05,34.71,37.58,34.6,2021-03-08
ACLS,35.82,37.67,37.75,35.61,2021-03-09
ACLS,38.0,38.06,38.77,37.69,2021-03-10
ACLS,39.18,39.82,40.0,38.575,2021-03-11
ACLS,39.21,39.79,39.93,38.36,2021-03-12
ACLS,39.79,40.9,40.92,39.22,2021-03-15
ACLS,41.62,42.55,44.2,41.2,2021-03-16
ACLS,41.84,42.82,42.9,40.16,2021-03-17
ACLS,42.57,38.67,42.6,38.35,2021-03-18
ACLS,39.22,38.47,39.48,37.75,2021-03-19
ACLS,39.24,39.06,39.96,38.35,2021-03-22
ACLS,38.96,36.19,38.96,35.86,2021-03-23
ACLS,37.4,36.4,38.68,36.3,2021-03-24
ACLS,35.49,37.06,37.25,34.95,2021-03-25
ACLS,37.57,39.19,39.25,37.2,2021-03-26
ACLS,39.02,37.43,39.4835,37.05,2021-03-29
ACLS,37.11,38.23,38.45,37.0,2021-03-30
ACLS,38.82,41.09,41.3897,38.82,2021-03-31
ACLS,41.92,47.6,47.74,41.92,2021-04-01
ACLS,49.1,49.32,50.2093,47.65,2021-04-05
ACLS,49.36,48.4,49.4,47.0398,2021-04-06
ACLS,48.18,46.96,49.09,46.64,2021-04-07
ACLS,47.3,45.71,48.19,45.44,2021-04-08
ACLS,45.31,44.33,45.31,44.02,2021-04-09
ACLS,44.22,43.23,44.37,42.88,2021-04-12
ACLS,43.99,43.01,44.25,42.05,2021-04-13
ACLS,43.06,43.5,44.84,43.05,2021-04-14
ACLS,44.0,44.31,45.66,43.1182,2021-04-15
ACLS,43.48,42.66,43.77,41.44,2021-04-16
ACLS,42.12,42.04,42.52,41.39,2021-04-19
ACLS,41.63,40.92,41.9,40.371,2021-04-20
ACLS,41.03,43.71,43.75,41.0,2021-04-21
ACLS,43.5,42.07,43.78,42.06,2021-04-22
ACLS,42.58,43.97,44.39,42.23,2021-04-23
ACLS,43.72,44.42,45.11,43.72,2021-04-26
ACLS,44.9,44.03,45.0,43.21,2021-04-27
ACLS,43.82,44.08,44.459,43.77,2021-04-28
ACLS,44.89,42.93,44.9,42.29,2021-04-29
ACLS,41.96,41.53,42.71,41.41,2021-04-30
ACLS,42.14,42.03,42.41,41.5501,2021-05-03
ACLS,41.6,40.8,41.67,39.49,2021-05-04
ACLS,41.52,39.93,41.8,38.295,2021-05-05
ACLS,39.9,40.27,40.484,39.06,2021-05-06
ACLS,40.59,41.02,41.37,40.3,2021-05-07
ACLS,40.79,38.7,40.99,38.62,2021-05-10
ACLS,36.7,38.52,38.69,35.8534,2021-05-11
ACLS,37.44,35.51,38.11,35.45,2021-05-12
ACLS,36.2,37.07,37.78,36.18,2021-05-13
ACLS,38.3137,38.3,38.65,37.24,2021-05-14
ACLS,37.72,38.16,38.39,37.18,2021-05-17
ACLS,38.54,37.73,39.18,37.73,2021-05-18
ACLS,36.82,38.89,39.34,36.6,2021-05-19
ACLS,39.23,40.19,40.25,38.74,2021-05-20
ACLS,40.02,39.58,40.93,39.57,2021-05-21
ACLS,39.81,40.65,40.9,39.81,2021-05-24
ACLS,40.87,40.15,41.53,40.15,2021-05-25
ACLS,40.12,40.63,40.64,39.895,2021-05-26
ACLS,40.36,40.97,41.34,40.14,2021-05-27
ACLS,40.98,41.44,41.7,40.1512,2021-05-28
ACLS,42.0,41.68,42.6,41.25,2021-06-01
ACLS,41.65,41.2,41.94,40.9803,2021-06-02
ACLS,40.49,40.07,40.82,39.99,2021-06-03
ACLS,40.59,41.51,41.57,40.59,2021-06-04
ACLS,41.29,41.55,41.8,41.01,2021-06-07
COHU,38.51,39.81,40.3,37.6,2021-01-04
COHU,39.95,41.5,42.7,39.95,2021-01-05
COHU,42.01,42.15,43.35,41.55,2021-01-06
COHU,42.82,42.5,43.43,41.67,2021-01-07
COHU,43.03,42.0,43.2,40.68,2021-01-08
COHU,41.77,43.95,44.07,41.2,2021-01-11
COHU,44.77,45.61,46.148,44.25,2021-01-12
COHU,45.66,45.36,46.06,43.66,2021-01-13
COHU,46.0,46.27,46.9399,45.5,2021-01-14
COHU,45.67,45.22,46.6,44.83,2021-01-15
COHU,45.68,48.0,48.09,45.52,2021-01-19
COHU,48.86,48.7,49.37,48.125,2021-01-20
COHU,49.35,48.21,49.35,47.53,2021-01-21
COHU,48.01,48.36,48.48,46.85,2021-01-22
COHU,48.9,47.11,49.6251,46.765,2021-01-25
COHU,47.14,44.61,47.56,44.12,2021-01-26
COHU,43.23,41.98,43.53,40.47,2021-01-27
COHU,42.21,42.29,43.16,40.15,2021-01-28
COHU,42.11,40.68,42.51,39.88,2021-01-29
COHU,41.22,42.12,42.37,40.4411,2021-02-01
COHU,42.99,43.41,43.76,42.01,2021-02-02
COHU,43.59,42.39,44.58,42.18,2021-02-03
COHU,42.84,44.84,44.9,42.5,2021-02-04
COHU,45.15,45.11,45.5343,44.445,2021-02-05
COHU,45.98,47.42,47.53,45.6,2021-02-08
COHU,47.34,47.54,48.05,46.57,2021-02-09
COHU,47.74,47.2,48.57,46.34,2021-02-10
COHU,50.0,50.48,50.65,47.1502,2021-02-11
COHU,51.86,50.55,51.86,49.2,2021-02-12
COHU,51.21,49.58,51.75,49.31,2021-02-16
COHU,48.55,48.83,49.21,46.85,2021-02-17
COHU,48.22,47.17,48.22,45.54,2021-02-18
COHU,48.0,46.57,48.5008,46.47,2021-02-19
COHU,46.18,45.14,46.275,44.73,2021-02-22
COHU,43.015,44.75,45.19,41.5649,2021-02-23
COHU,44.39,47.51,47.66,43.62,2021-02-24
COHU,47.57,43.11,47.5752,42.83,2021-02-25
COHU,42.86,43.45,44.12,40.2,2021-02-26
COHU,45.4,45.99,46.11,44.13,2021-03-01
COHU,44.32,44.66,45.36,42.8901,2021-03-02
COHU,45.53,41.86,46.84,38.51,2021-03-03
COHU,39.98,39.47,40.55,38.55,2021-03-04
COHU,40.7,40.18,40.99,36.5,2021-03-05
COHU,40.9,38.23,41.5099,37.72,2021-03-08
COHU,39.73,40.71,41.47,38.94,2021-03-09
COHU,41.3826,40.77,42.1,40.1708,2021-03-10
COHU,42.18,41.99,42.49,40.51,2021-03-11
COHU,41.36,42.11,42.22,40.68,2021-03-12
COHU,42.69,43.7,44.14,41.68,2021-03-15
COHU,44.44,46.68,47.19,43.957,2021-03-16
COHU,45.9,46.29,46.8,43.76,2021-03-17
COHU,45.41,43.63,46.22,43.34,2021-03-18
COHU,43.81,43.96,44.7,42.31,2021-03-19
COHU,44.75,43.88,45.2549,43.45,2021-03-22
COHU,43.78,40.33,44.26,40.05,2021-03-23
COHU,41.7811,39.69,42.71,39.65,2021-03-24
COHU,38.74,39.56,39.81,37.49,2021-03-25
COHU,40.05,40.83,41.15,39.31,2021-03-26
COHU,40.03,39.51,41.06,38.796,2021-03-29
COHU,40.125,40.0,40.36,39.14,2021-03-30
COHU,40.28,41.84,42.25,40.18,2021-03-31
COHU,43.18,46.0,46.06,42.755,2021-04-01
COHU,46.98,49.62,49.85,45.775,2021-04-05
COHU,49.87,49.78,50.7,49.09,2021-04-06
COHU,49.54,48.91,50.23,48.28,2021-04-07
COHU,49.64,50.3,50.7,48.7,2021-04-08
COHU,49.67,49.84,50.0,48.73,2021-04-09
COHU,50.0,48.84,50.0,48.1732,2021-04-12
COHU,49.44,48.1,49.44,47.19,2021-04-13
COHU,48.02,48.31,48.85,47.67,2021-04-14
COHU,48.71,47.82,48.71,47.05,2021-04-15
COHU,47.96,48.66,48.99,47.0501,2021-04-16
COHU,47.97,44.75,48.63,44.21,2021-04-19
COHU,44.41,42.09,44.41,41.39,2021-04-20
COHU,42.03,44.23,44.32,41.205,2021-04-21
COHU,44.39,43.04,44.6488,42.93,2021-04-22
COHU,43.4,44.62,45.115,43.21,2021-04-23
COHU,44.85,46.2,46.97,44.77,2021-04-26
COHU,46.54,45.98,46.54,45.39,2021-04-27
COHU,45.51,46.77,47.0,44.73,2021-04-28
COHU,46.48,38.85,47.0,38.0,2021-04-29
COHU,39.42,40.01,40.4,38.25,2021-04-30
COHU,40.23,40.31,40.92,39.45,2021-05-03
COHU,40.0,36.84,40.15,36.69,2021-05-04
COHU,37.32,37.49,38.24,36.25,2021-05-05
COHU,37.15,37.76,37.79,36.46,2021-05-06
COHU,38.3,38.86,39.2,37.8,2021-05-07
COHU,39.0,36.56,39.11,36.54,2021-05-10
COHU,35.01,36.71,36.93,34.07,2021-05-11
COHU,35.61,33.58,35.77,33.4,2021-05-12
COHU,33.92,34.66,35.2932,33.8,2021-05-13
COHU,34.93,36.47,36.59,34.6,2021-05-14
COHU,35.64,36.41,36.49,35.22,2021-05-17
COHU,36.88,36.09,37.5,36.09,2021-05-18
COHU,34.88,36.56,36.77,34.68,2021-05-19
COHU,36.7,37.2,37.4408,36.1,2021-05-20
COHU,37.64,35.88,37.81,35.87,2021-05-21
COHU,36.19,37.0,37.49,35.91,2021-05-24
COHU,37.07,36.37,37.7,36.19,2021-05-25
COHU,36.4,36.58,37.26,36.08,2021-05-26
COHU,36.67,37.07,37.6,36.67,2021-05-27
COHU,37.29,37.22,37.53,36.78,2021-05-28
COHU,38.08,37.81,38.08,36.61,2021-06-01
COHU,37.85,37.22,38.1699,37.06,2021-06-02
COHU,36.8,36.2,37.0,36.1,2021-06-03
COHU,36.63,37.09,37.32,36.48,2021-06-04
COHU,36.84,35.95,37.03,35.16,2021-06-07
MDLA,33.09,31.85,33.19,31.36,2021-01-04
MDLA,31.61,32.27,32.49,31.355,2021-01-05
MDLA,32.06,31.48,32.23,31.26,2021-01-06
MDLA,31.71,33.07,33.15,31.59,2021-01-07
MDLA,33.66,35.54,35.78,33.37,2021-01-08
MDLA,35.0,36.3,36.5,34.42,2021-01-11
MDLA,36.45,37.43,37.58,35.53,2021-01-12
MDLA,37.3,37.1,37.9,36.8116,2021-01-13
MDLA,36.92,39.0,39.02,36.8801,2021-01-14
MDLA,38.85,39.52,39.95,38.43,2021-01-15
MDLA,39.95,38.7,40.22,38.22,2021-01-19
MDLA,39.0,39.55,39.78,38.705,2021-01-20
MDLA,39.8,39.55,40.09,39.28,2021-01-21
MDLA,39.42,39.46,40.1,39.06,2021-01-22
MDLA,40.0,41.5,41.76,39.79,2021-01-25
MDLA,41.7,45.15,45.23,41.7,2021-01-26
MDLA,44.53,47.5,47.98,44.08,2021-01-27
MDLA,47.47,41.9,48.27,41.7,2021-01-28
MDLA,41.5,41.5,45.41,41.07,2021-01-29
MDLA,41.61,41.21,41.9,39.81,2021-02-01
MDLA,41.69,40.34,42.51,39.07,2021-02-02
MDLA,40.75,42.23,42.36,40.28,2021-02-03
MDLA,42.76,43.89,44.34,42.76,2021-02-04
MDLA,44.12,44.33,45.0,43.685,2021-02-05
MDLA,43.77,44.33,44.9372,43.74,2021-02-08
MDLA,44.23,45.7,45.88,43.87,2021-02-09
MDLA,46.17,45.43,46.76,44.39,2021-02-10
MDLA,45.55,45.25,46.18,44.72,2021-02-11
MDLA,45.31,46.5,48.28,44.81,2021-02-12
MDLA,47.0,43.91,47.18,43.46,2021-02-16
MDLA,43.07,44.7,44.78,42.41,2021-02-17
MDLA,44.17,44.19,45.0267,43.7,2021-02-18
MDLA,44.73,44.99,45.1598,44.1,2021-02-19
MDLA,44.53,42.66,44.53,42.4,2021-02-22
MDLA,42.49,42.31,42.54,39.0,2021-02-23
MDLA,42.78,43.98,44.4537,42.5,2021-02-24
MDLA,43.71,42.07,44.31,41.08,2021-02-25
MDLA,41.83,40.37,42.29,40.01,2021-02-26
MDLA,41.34,43.22,43.5,41.12,2021-03-01
MDLA,43.49,42.05,43.49,41.8201,2021-03-02
MDLA,42.4,39.85,42.95,39.415,2021-03-03
MDLA,39.39,37.82,40.069,36.55,2021-03-04
MDLA,34.91,31.8,35.5,27.11,2021-03-05
MDLA,31.01,28.18,31.3,27.97,2021-03-08
MDLA,29.57,28.85,31.32,28.73,2021-03-09
MDLA,29.25,28.45,29.97,28.06,2021-03-10
MDLA,29.73,30.56,30.72,28.55,2021-03-11
MDLA,29.96,29.85,30.06,28.9,2021-03-12
MDLA,30.13,29.42,30.45,29.225,2021-03-15
MDLA,29.88,29.12,30.02,28.36,2021-03-16
MDLA,28.61,29.26,29.72,27.85,2021-03-17
MDLA,28.75,27.65,28.75,27.52,2021-03-18
MDLA,27.79,28.32,28.6,27.37,2021-03-19
MDLA,28.56,29.15,29.695,28.44,2021-03-22
MDLA,29.22,28.92,29.47,28.56,2021-03-23
MDLA,28.66,26.84,28.91,26.71,2021-03-24
MDLA,26.29,27.53,27.62,25.85,2021-03-25
MDLA,27.7,28.05,28.27,27.22,2021-03-26
MDLA,27.86,27.5,27.86,27.02,2021-03-29
MDLA,27.24,26.99,27.5,26.7,2021-03-30
MDLA,27.63,27.89,28.16,27.21,2021-03-31
MDLA,28.47,28.7,29.67,28.335,2021-04-01
MDLA,30.79,29.96,31.0,29.18,2021-04-05
MDLA,29.83,30.15,30.88,29.51,2021-04-06
MDLA,30.0,28.87,30.16,28.82,2021-04-07
MDLA,29.46,29.49,29.81,28.86,2021-04-08
MDLA,29.48,29.66,29.71,28.8175,2021-04-09
MDLA,29.67,29.63,29.68,28.85,2021-04-12
MDLA,30.0,30.54,30.91,29.91,2021-04-13
MDLA,30.55,29.92,31.52,29.72,2021-04-14
MDLA,30.0,30.17,30.34,29.02,2021-04-15
MDLA,30.21,29.78,30.27,29.46,2021-04-16
MDLA,29.32,28.8,30.17,28.35,2021-04-19
MDLA,28.85,28.34,29.16,27.87,2021-04-20
MDLA,28.01,28.32,28.71,27.62,2021-04-21
MDLA,28.58,28.98,29.34,28.48,2021-04-22
MDLA,29.38,29.29,29.73,28.78,2021-04-23
MDLA,29.48,30.83,30.95,29.345,2021-04-26
MDLA,30.77,30.29,30.8,29.66,2021-04-27
MDLA,30.26,30.38,30.85,29.89,2021-04-28
MDLA,30.5,29.99,30.68,29.5115,2021-04-29
MDLA,29.89,29.49,30.45,29.44,2021-04-30
MDLA,29.49,28.58,29.65,28.461,2021-05-03
MDLA,28.4,27.54,28.44,27.15,2021-05-04
MDLA,27.75,27.25,28.03,26.96,2021-05-05
MDLA,27.06,26.18,27.13,25.51,2021-05-06
MDLA,26.59,26.49,27.38,26.18,2021-05-07
MDLA,26.14,25.02,26.285,24.95,2021-05-10
MDLA,23.85,25.01,25.45,23.63,2021-05-11
MDLA,24.5,24.41,25.2,24.12,2021-05-12
MDLA,24.59,23.86,25.16,23.58,2021-05-13
MDLA,24.04,24.78,25.31,23.86,2021-05-14
MDLA,24.51,24.08,24.99,23.74,2021-05-17
MDLA,24.28,24.62,25.48,24.11,2021-05-18
MDLA,24.16,24.88,24.99,23.96,2021-05-19
MDLA,24.98,25.23,26.34,24.95,2021-05-20
MDLA,25.42,25.05,25.71,24.97,2021-05-21
MDLA,25.12,25.89,26.0,24.61,2021-05-24
MDLA,26.19,25.59,26.62,25.5,2021-05-25
MDLA,25.78,25.91,26.2036,25.56,2021-05-26
MDLA,25.82,25.93,26.325,25.36,2021-05-27
MDLA,26.28,25.67,26.951,25.64,2021-05-28
MDLA,25.83,25.07,26.14,24.895,2021-06-01
MDLA,27.4,27.49,29.07,27.2,2021-06-02
MDLA,27.21,27.5,29.3,27.11,2021-06-03
MDLA,27.82,28.27,28.33,27.53,2021-06-04
MDLA,28.1,27.61,28.355,27.32,2021-06-07
MSFT,222.53,217.69,223.0,214.81,2021-01-04
MSFT,217.26,217.9,218.52,215.7,2021-01-05
MSFT,212.17,212.25,216.4899,211.94,2021-01-06
MSFT,214.04,218.29,219.34,213.71,2021-01-07
MSFT,218.68,219.62,220.58,217.0261,2021-01-08
MSFT,218.47,217.49,218.91,216.73,2021-01-11
MSFT,216.5,214.93,217.1,213.3202,2021-01-12
MSFT,214.02,216.34,216.76,213.9266,2021-01-13
MSFT,215.91,213.02,217.46,212.74,2021-01-14
MSFT,213.52,212.65,214.51,212.03,2021-01-15
MSFT,213.75,216.44,216.98,212.63,2021-01-19
MSFT,217.7,224.34,225.79,217.2908,2021-01-20
MSFT,224.7,224.97,226.3,222.42,2021-01-21
MSFT,227.08,225.95,230.07,225.8,2021-01-22
MSFT,229.12,229.53,229.78,224.22,2021-01-25
MSFT,231.86,232.33,234.18,230.08,2021-01-26
MSFT,238.0,232.9,240.44,230.14,2021-01-27
MSFT,235.61,238.93,242.64,235.09,2021-01-28
MSFT,235.99,231.96,238.02,231.35,2021-01-29
MSFT,235.06,239.65,242.5,232.43,2021-02-01
MSFT,241.3,239.51,242.31,238.69,2021-02-02
MSFT,239.57,243.0,245.09,239.26,2021-02-03
MSFT,242.66,242.01,243.2399,240.37,2021-02-04
MSFT,242.23,242.2,243.28,240.42,2021-02-05
MSFT,243.15,242.47,243.68,240.81,2021-02-08
MSFT,241.87,243.77,244.76,241.38,2021-02-09
MSFT,245.0,242.82,245.92,240.89,2021-02-10
MSFT,244.78,244.49,245.15,242.15,2021-02-11
MSFT,243.9332,244.99,245.3,242.73,2021-02-12
MSFT,245.03,243.7,246.13,242.92,2021-02-16
MSFT,241.32,244.2,244.31,240.94,2021-02-17
MSFT,241.8,243.79,243.93,240.86,2021-02-18
MSFT,243.75,240.97,243.86,240.18,2021-02-19
MSFT,237.42,234.51,237.93,232.4,2021-02-22
MSFT,230.325,233.27,234.83,228.73,2021-02-23
MSFT,230.01,234.55,235.2,229.0,2021-02-24
MSFT,232.08,228.99,234.5852,227.88,2021-02-25
MSFT,231.525,232.38,235.37,229.54,2021-02-26
MSFT,235.9,236.94,237.47,233.15,2021-03-01
MSFT,237.01,233.87,237.3,233.45,2021-03-02
MSFT,232.155,227.56,233.5799,227.26,2021-03-03
MSFT,226.735,226.73,232.49,224.26,2021-03-04
MSFT,229.5165,231.6,233.27,226.46,2021-03-05
MSFT,231.37,227.39,233.365,227.13,2021-03-08
MSFT,232.88,233.78,235.3839,231.67,2021-03-09
MSFT,237.0,232.42,237.0,232.04,2021-03-10
MSFT,234.96,237.13,239.17,234.31,2021-03-11
MSFT,234.01,235.75,235.82,233.23,2021-03-12
MSFT,234.96,234.81,235.185,231.81,2021-03-15
MSFT,236.28,237.71,240.055,235.94,2021-03-16
MSFT,236.15,237.04,238.55,233.23,2021-03-17
MSFT,232.56,230.72,234.19,230.33,2021-03-18
MSFT,231.02,230.35,232.474,229.3496,2021-03-19
MSFT,230.27,235.99,236.9,230.14,2021-03-22
MSFT,237.485,237.58,241.05,237.07,2021-03-23
MSFT,237.845,235.46,238.0,235.32,2021-03-24
MSFT,235.3,232.34,236.94,231.57,2021-03-25
MSFT,231.55,236.48,236.71,231.55,2021-03-26
MSFT,236.59,235.24,236.8,231.88,2021-03-29
MSFT,233.525,231.85,233.85,231.1,2021-03-30
MSFT,232.91,235.77,239.1,232.39,2021-03-31
MSFT,238.47,242.35,242.84,238.0501,2021-04-01
MSFT,242.76,249.07,249.96,242.7,2021-04-05
MSFT,247.61,247.86,249.4,246.88,2021-04-06
MSFT,247.81,249.9,250.93,247.19,2021-04-07
MSFT,252.77,253.25,254.139,252.0,2021-04-08
MSFT,252.87,255.85,255.99,252.44,2021-04-09
MSFT,254.71,255.91,257.67,254.62,2021-04-12
MSFT,257.2573,258.49,259.19,256.83,2021-04-13
MSFT,257.475,255.59,258.83,255.16,2021-04-14
MSFT,257.931,259.5,259.93,257.73,2021-04-15
MSFT,259.47,260.74,261.0,257.6014,2021-04-16
MSFT,260.19,258.74,261.48,257.821,2021-04-19
MSFT,257.82,258.26,260.2,256.84,2021-04-20
MSFT,258.94,260.58,260.68,257.25,2021-04-21
MSFT,260.21,257.17,261.78,255.64,2021-04-22
MSFT,257.88,261.15,261.51,257.27,2021-04-23
MSFT,261.66,261.55,262.435,260.17,2021-04-26
MSFT,261.585,261.97,263.19,260.12,2021-04-27
MSFT,256.078,254.56,256.5399,252.95,2021-04-28
MSFT,255.46,252.51,256.1,249.0,2021-04-29
MSFT,249.74,252.18,253.08,249.6,2021-04-30
MSFT,253.4,251.86,254.35,251.12,2021-05-03
MSFT,250.97,247.79,251.21,245.76,2021-05-04
MSFT,249.06,246.47,249.5,245.82,2021-05-05
MSFT,246.45,249.73,249.86,244.69,2021-05-06
MSFT,252.15,252.46,254.3,251.17,2021-05-07
MSFT,250.87,247.18,251.73,247.12,2021-05-10
MSFT,244.55,246.23,246.6,242.57,2021-05-11
MSFT,242.165,239.0,244.38,238.07,2021-05-12
MSFT,241.8,243.03,245.6,241.42,2021-05-13
MSFT,245.575,248.15,249.18,245.49,2021-05-14
MSFT,246.55,245.18,246.59,243.52,2021-05-17
MSFT,246.27,243.08,246.41,242.9,2021-05-18
MSFT,239.31,243.12,243.23,238.6,2021-05-19
MSFT,243.96,246.48,247.95,243.86,2021-05-20
MSFT,247.565,245.17,248.33,244.74,2021-05-21
MSFT,247.785,250.78,251.16,247.51,2021-05-24
MSFT,251.769,251.72,252.75,250.82,2021-05-25
MSFT,251.43,251.49,252.94,250.75,2021-05-26
MSFT,251.17,249.31,251.48,249.25,2021-05-27
MSFT,250.995,249.68,252.08,249.56,2021-05-28
MSFT,251.23,247.4,251.29,246.96,2021-06-01
MSFT,248.125,247.3,249.27,245.84,2021-06-02
MSFT,245.22,245.71,246.34,243.0,2021-06-03
MSFT,247.76,250.79,251.65,247.51,2021-06-04
MSFT,249.98,253.81,254.09,249.81,2021-06-07
PANW,355.38,351.66,355.38,344.45,2021-01-04
PANW,350.75,350.15,352.79,346.97,2021-01-05
PANW,345.65,345.28,350.5,343.04,2021-01-06
PANW,349.83,363.11,363.72,349.1,2021-01-07
PANW,367.0,366.55,371.12,363.99,2021-01-08
PANW,360.0,364.8,368.0,358.54,2021-01-11
PANW,366.02,370.48,372.12,364.59,2021-01-12
PANW,371.8,365.8,372.45,362.335,2021-01-13
PANW,366.41,363.16,369.98,363.04,2021-01-14
PANW,366.37,364.87,372.0,363.7901,2021-01-15
PANW,368.34,364.05,369.55,363.21,2021-01-19
PANW,370.0,370.55,371.38,365.56,2021-01-20
PANW,372.52,365.62,374.24,363.7,2021-01-21
PANW,364.07,364.62,366.7,363.5001,2021-01-22
PANW,368.57,360.78,370.0,347.51,2021-01-25
PANW,367.25,354.26,367.25,353.74,2021-01-26
PANW,349.01,335.17,349.01,334.565,2021-01-27
PANW,340.0,353.12,354.66,338.0,2021-01-28
PANW,351.99,350.75,354.12,345.6313,2021-01-29
PANW,354.89,361.36,364.87,354.8,2021-02-01
PANW,373.3,387.36,390.07,371.8801,2021-02-02
PANW,387.5,377.58,389.23,374.45,2021-02-03
PANW,377.57,382.49,384.2,373.13,2021-02-04
PANW,383.11,379.85,386.25,378.55,2021-02-05
PANW,386.76,385.4,390.9,380.18,2021-02-08
PANW,385.0,390.97,391.96,381.07,2021-02-09
PANW,393.42,392.21,397.6323,385.48,2021-02-10
PANW,396.38,391.11,397.61,386.69,2021-02-11
PANW,392.41,395.12,395.45,390.7,2021-02-12
PANW,398.0,393.24,399.7601,387.5101,2021-02-16
PANW,390.5,395.42,395.505,387.06,2021-02-17
PANW,391.03,390.53,394.465,386.93,2021-02-18
PANW,396.04,396.9,403.0,394.01,2021-02-19
PANW,392.41,384.35,392.8472,380.8701,2021-02-22
PANW,378.0,377.86,384.99,352.0,2021-02-23
PANW,375.0,369.61,378.2,365.5,2021-02-24
PANW,370.0,360.04,371.93,353.575,2021-02-25
PANW,362.83,358.31,363.7499,353.185,2021-02-26
PANW,364.26,367.39,368.27,362.0,2021-03-01
PANW,367.51,354.66,368.73,354.5,2021-03-02
PANW,353.47,343.76,354.8099,342.47,2021-03-03
PANW,340.05,335.64,345.0,330.85,2021-03-04
PANW,338.0,334.73,338.625,320.9282,2021-03-05
PANW,338.0,331.48,344.64,330.76,2021-03-08
PANW,341.44,342.42,345.36,339.03,2021-03-09
PANW,348.66,334.69,353.24,334.08,2021-03-10
PANW,342.0,344.37,346.35,339.53,2021-03-11
PANW,339.65,342.53,343.0,338.11,2021-03-12
PANW,342.02,344.29,344.32,336.69,2021-03-15
PANW,348.39,340.0,350.72,337.35,2021-03-16
PANW,337.29,336.92,342.0,331.1,2021-03-17
PANW,327.0035,317.55,330.0,316.23,2021-03-18
PANW,317.55,316.85,318.71,311.56,2021-03-19
PANW,317.0,323.44,326.62,316.79,2021-03-22
PANW,323.9,323.6,327.28,322.8,2021-03-23
PANW,325.0,321.0,326.95,320.57,2021-03-24
PANW,317.77,323.48,325.439,317.145,2021-03-25
PANW,323.0,319.71,324.4,311.72,2021-03-26
PANW,319.0,320.23,323.93,315.7,2021-03-29
PANW,317.86,318.01,320.73,313.27,2021-03-30
PANW,321.25,322.06,325.43,319.36,2021-03-31
PANW,327.0,328.05,332.765,325.85,2021-04-01
PANW,333.0,331.03,336.045,329.93,2021-04-05
PANW,329.86,337.38,341.3,328.59,2021-04-06
PANW,336.18,338.57,340.29,334.1922,2021-04-07
PANW,342.49,343.25,347.77,341.195,2021-04-08
PANW,343.71,349.51,349.72,340.74,2021-04-09
PANW,347.89,355.36,361.13,347.89,2021-04-12
PANW,356.62,359.9,365.19,356.62,2021-04-13
PANW,362.46,360.98,366.75,359.36,2021-04-14
PANW,365.8,370.38,373.01,365.1813,2021-04-15
PANW,370.08,366.65,371.38,365.205,2021-04-16
PANW,365.0,366.96,368.61,361.75,2021-04-19
PANW,366.96,360.0,368.8767,357.79,2021-04-20
PANW,360.0,356.61,360.74,353.83,2021-04-21
PANW,355.0,352.81,358.0,351.17,2021-04-22
PANW,355.51,358.42,359.62,353.15,2021-04-23
PANW,360.89,361.47,363.2799,357.45,2021-04-26
PANW,361.08,358.48,361.698,355.28,2021-04-27
PANW,359.6,360.16,363.0,355.03,2021-04-28
PANW,361.19,355.15,361.19,352.0,2021-04-29
PANW,352.39,353.39,359.53,352.39,2021-04-30
PANW,355.57,349.08,355.82,349.05,2021-05-03
PANW,346.43,345.6,347.555,339.0363,2021-05-04
PANW,347.57,341.18,349.05,339.21,2021-05-05
PANW,340.13,337.44,340.13,332.71,2021-05-06
PANW,343.31,342.34,344.45,340.03,2021-05-07
PANW,343.28,341.34,346.0,338.96,2021-05-10
PANW,332.76,343.43,345.32,332.76,2021-05-11
PANW,337.79,335.09,340.18,332.99,2021-05-12
PANW,335.79,323.88,337.105,322.225,2021-05-13
PANW,328.14,336.82,338.76,328.14,2021-05-14
PANW,337.88,335.8,340.54,331.57,2021-05-17
PANW,341.05,340.09,346.35,339.42,2021-05-18
PANW,335.4,335.58,338.34,331.82,2021-05-19
PANW,337.44,342.59,344.6999,337.13,2021-05-20
PANW,361.89,362.45,366.43,356.11,2021-05-21
PANW,360.95,364.52,370.0,359.07,2021-05-24
PANW,368.36,365.08,369.68,362.32,2021-05-25
PANW,367.89,367.77,374.29,366.45,2021-05-26
PANW,367.77,367.26,370.8,360.285,2021-05-27
PANW,367.72,363.25,370.9,361.65,2021-05-28
PANW,366.05,360.35,367.5,358.5601,2021-06-01
PANW,359.94,357.67,363.28,355.85,2021-06-02
PANW,355.8,351.13,356.5,350.96,2021-06-03
PANW,353.13,357.35,357.52,352.2223,2021-06-04
PANW,356.0,356.37,359.4558,354.5,2021-06-07
PAR,62.88,60.23,63.0,58.48,2021-01-04
PAR,59.96,60.42,61.35,59.6,2021-01-05
PAR,62.1,63.19,64.35,60.82,2021-01-06
PAR,64.23,63.43,65.57,62.44,2021-01-07
PAR,63.5,62.11,63.9899,61.12,2021-01-08
PAR,61.34,60.89,61.83,60.58,2021-01-11
PAR,60.92,59.32,61.4,58.93,2021-01-12
PAR,62.9,66.47,68.25,61.74,2021-01-13
PAR,66.83,69.98,70.18,66.39,2021-01-14
PAR,68.98,68.61,69.79,67.43,2021-01-15
PAR,70.14,72.95,73.095,68.76,2021-01-19
PAR,73.64,73.67,75.89,72.84,2021-01-20
PAR,74.05,71.84,74.68,70.8575,2021-01-21
PAR,71.0,70.5,73.04,69.11,2021-01-22
PAR,70.81,72.99,73.5,69.66,2021-01-25
PAR,73.5,68.67,74.55,68.36,2021-01-26
PAR,66.62,64.42,68.57,64.17,2021-01-27
PAR,65.62,65.91,66.56,63.75,2021-01-28
PAR,65.92,62.26,66.76,61.19,2021-01-29
PAR,63.32,68.87,70.0,63.22,2021-02-01
PAR,69.92,73.78,74.0,69.785,2021-02-02
PAR,74.31,76.15,76.62,73.81,2021-02-03
PAR,76.26,78.58,78.79,76.065,2021-02-04
PAR,80.86,79.18,81.555,78.36,2021-02-05
PAR,80.22,79.59,81.0,78.0188,2021-02-08
PAR,79.48,81.14,81.58,78.7501,2021-02-09
PAR,81.75,83.33,84.49,80.9123,2021-02-10
PAR,82.93,83.91,84.5199,81.29,2021-02-11
PAR,83.56,83.64,85.22,82.99,2021-02-12
PAR,84.26,83.42,85.25,81.834,2021-02-16
PAR,82.31,83.98,84.38,81.375,2021-02-17
PAR,82.88,84.18,85.5,81.285,2021-02-18
PAR,84.85,85.32,87.33,84.25,2021-02-19
PAR,87.09,88.71,90.0,86.55,2021-02-22
PAR,84.59,85.01,87.429,82.02,2021-02-23
PAR,84.19,86.31,86.7,83.28,2021-02-24
PAR,85.92,84.4,86.84,83.21,2021-02-25
PAR,86.19,86.88,89.4,85.46,2021-02-26
PAR,88.64,87.83,88.88,86.85,2021-03-01
PAR,87.99,86.58,90.35,85.005,2021-03-02
PAR,85.89,81.22,87.05,80.56,2021-03-03
PAR,80.01,71.67,80.1,70.15,2021-03-04
PAR,71.76,73.81,74.09,66.8012,2021-03-05
PAR,73.35,67.62,74.5,67.47,2021-03-08
PAR,69.74,72.58,73.47,69.74,2021-03-09
PAR,73.02,76.3,77.99,73.02,2021-03-10
PAR,77.96,77.63,79.66,76.15,2021-03-11
PAR,77.13,77.85,79.12,75.14,2021-03-12
PAR,79.82,74.57,79.82,73.75,2021-03-15
PAR,78.99,75.19,78.99,72.67,2021-03-16
PAR,73.85,78.74,80.56,73.1474,2021-03-17
PAR,76.96,77.16,80.55,75.72,2021-03-18
PAR,78.62,78.54,80.41,76.82,2021-03-19
PAR,79.41,79.12,80.21,77.96,2021-03-22
PAR,78.88,76.33,79.25,74.98,2021-03-23
PAR,77.13,70.31,77.53,70.23,2021-03-24
PAR,69.14,70.5,71.36,67.62,2021-03-25
PAR,71.28,70.23,71.86,68.72,2021-03-26
PAR,69.9,62.56,69.9,62.53,2021-03-29
PAR,62.01,64.56,65.435,60.0,2021-03-30
PAR,65.09,65.41,66.88,64.01,2021-03-31
PAR,66.89,65.99,68.47,65.45,2021-04-01
PAR,67.36,64.19,67.95,64.16,2021-04-05
PAR,64.01,64.97,65.8,63.16,2021-04-06
PAR,64.37,62.32,65.39,61.92,2021-04-07
PAR,63.0,78.21,82.0,63.0,2021-04-08
PAR,79.21,83.72,83.755,78.5,2021-04-09
PAR,83.72,84.72,85.9,82.47,2021-04-12
PAR,85.01,80.88,86.27,80.755,2021-04-13
PAR,79.7,77.75,81.45,77.11,2021-04-14
PAR,78.45,80.75,81.23,77.02,2021-04-15
PAR,81.99,80.33,84.25,80.19,2021-04-16
PAR,80.4,78.0,80.4,75.39,2021-04-19
PAR,77.4,75.34,77.895,73.71,2021-04-20
PAR,75.26,75.92,76.5,73.0,2021-04-21
PAR,76.32,77.67,83.2,76.0,2021-04-22
PAR,77.78,79.26,81.555,77.78,2021-04-23
PAR,79.31,81.38,81.705,78.8186,2021-04-26
PAR,81.8,81.3,82.679,80.372,2021-04-27
PAR,80.6,82.03,84.3,80.6,2021-04-28
PAR,82.42,82.38,83.09,79.8,2021-04-29
PAR,80.75,82.14,84.73,80.75,2021-04-30
PAR,83.0,82.28,83.12,80.75,2021-05-03
PAR,80.55,78.89,81.88,77.21,2021-05-04
PAR,79.1,77.67,79.938,77.46,2021-05-05
PAR,77.4,75.22,77.45,74.08,2021-05-06
PAR,76.23,78.21,79.33,75.32,2021-05-07
PAR,76.8,73.39,76.8,72.2,2021-05-10
PAR,66.0,66.78,69.5,63.01,2021-05-11
PAR,65.01,61.73,67.4365,61.19,2021-05-12
PAR,62.29,58.33,64.23,57.46,2021-05-13
PAR,59.17,60.79,61.725,58.1,2021-05-14
PAR,59.99,58.32,60.51,57.47,2021-05-17
PAR,59.2,60.89,62.91,58.5,2021-05-18
PAR,58.69,60.19,60.38,58.62,2021-05-19
PAR,61.0,63.12,63.73,59.46,2021-05-20
PAR,63.93,64.0,64.26,62.1,2021-05-21
PAR,64.55,67.06,67.104,62.74,2021-05-24
PAR,67.35,66.21,68.89,66.06,2021-05-25
PAR,66.48,67.85,68.57,66.48,2021-05-26
PAR,68.43,66.85,69.85,66.45,2021-05-27
PAR,67.25,66.96,68.09,66.3252,2021-05-28
PAR,67.19,68.02,68.86,66.17,2021-06-01
PAR,68.04,67.23,68.1,66.68,2021-06-02
PAR,66.54,65.47,66.54,63.82,2021-06-03
PAR,66.21,64.82,66.25,64.76,2021-06-04
PAR,65.0,67.07,67.81,64.9,2021-06-07
PYPL,237.8,231.92,237.9969,227.5348,2021-01-04
PYPL,230.47,234.91,235.64,229.8,2021-01-05
PYPL,228.94,226.83,232.49,225.7021,2021-01-06
PYPL,229.46,235.04,235.6,229.22,2021-01-07
PYPL,237.43,242.46,242.91,236.0687,2021-01-08
PYPL,238.04,237.5,240.84,234.09,2021-01-11
PYPL,237.62,237.64,238.8,233.83,2021-01-12
PYPL,236.57,244.9,247.44,236.54,2021-01-13
PYPL,246.87,242.06,249.85,241.54,2021-01-14
PYPL,242.25,239.79,244.5632,235.0341,2021-01-15
PYPL,243.3,247.25,248.74,241.0,2021-01-19
PYPL,248.85,244.26,249.65,244.14,2021-01-20
PYPL,246.67,248.64,250.37,243.58,2021-01-21
PYPL,246.65,252.0,254.39,246.2,2021-01-22
PYPL,253.8,247.75,254.39,242.22,2021-01-25
PYPL,246.9,241.0,248.76,240.03,2021-01-26
PYPL,234.7,229.94,235.4,225.0,2021-01-27
PYPL,235.0,237.79,241.555,232.21,2021-01-28
PYPL,238.65,234.31,240.87,232.66,2021-01-29
PYPL,238.37,241.85,244.14,235.4,2021-02-01
PYPL,243.61,249.1,250.19,240.53,2021-02-02
PYPL,253.96,251.9,254.315,247.39,2021-02-03
PYPL,265.34,270.43,274.94,260.85,2021-02-04
PYPL,268.61,269.44,270.0,264.71,2021-02-05
PYPL,276.88,282.17,282.6989,274.6235,2021-02-08
PYPL,280.38,284.2,286.89,276.51,2021-02-09
PYPL,285.1,283.18,286.08,278.401,2021-02-10
PYPL,287.33,285.03,302.1,281.6,2021-02-11
PYPL,292.64,298.37,299.34,289.32,2021-02-12
PYPL,306.4,304.79,309.14,298.18,2021-02-16
PYPL,297.63,297.2,301.5,290.56,2021-02-17
PYPL,291.13,290.81,292.97,285.03,2021-02-18
PYPL,292.12,286.92,293.94,285.46,2021-02-19
PYPL,281.42,273.85,285.0,273.29,2021-02-22
PYPL,259.69,265.0,267.25,252.56,2021-02-23
PYPL,266.105,266.07,268.6662,259.1001,2021-02-24
PYPL,262.76,253.94,266.0,251.42,2021-02-25
PYPL,257.45,259.85,261.86,253.1142,2021-02-26
PYPL,268.895,273.63,274.54,265.72,2021-03-01
PYPL,275.96,269.19,277.5,268.91,2021-03-02
PYPL,265.02,255.06,267.6599,253.25,2021-03-03
PYPL,251.76,239.07,254.8,232.27,2021-03-04
PYPL,243.12,239.05,243.748,223.09,2021-03-05
PYPL,239.0,226.09,241.33,225.65,2021-03-08
PYPL,240.98,241.76,244.44,236.04,2021-03-09
PYPL,249.31,242.07,249.96,241.27,2021-03-10
PYPL,247.12,253.83,254.92,246.53,2021-03-11
PYPL,249.49,250.35,251.548,244.3026,2021-03-12
PYPL,251.4182,249.98,252.0,246.79,2021-03-15
PYPL,253.42,249.31,254.78,247.55,2021-03-16
PYPL,245.84,251.47,254.4611,242.9,2021-03-17
PYPL,246.46,238.41,247.27,237.8,2021-03-18
PYPL,239.63,241.28,243.15,237.13,2021-03-19
PYPL,242.03,244.385,246.95,240.85,2021-03-22
PYPL,245.55,243.77,246.84,242.25,2021-03-23
PYPL,244.4904,234.27,244.97,233.76,2021-03-24
PYPL,232.63,234.24,235.34,227.52,2021-03-25
PYPL,233.6187,241.03,241.31,232.3,2021-03-26
PYPL,241.58,235.67,243.2,233.61,2021-03-29
PYPL,236.88,236.54,238.36,232.6301,2021-03-30
PYPL,238.11,242.84,245.23,237.27,2021-03-31
PYPL,248.04,247.54,252.6492,246.04,2021-04-01
PYPL,250.51,251.02,251.76,245.7,2021-04-05
PYPL,251.65,253.19,255.0,249.5,2021-04-06
PYPL,253.075,255.6,259.22,251.07,2021-04-07
PYPL,260.16,264.5,265.0,258.17,2021-04-08
PYPL,262.98,266.77,266.94,261.38,2021-04-09
PYPL,265.39,269.03,270.33,262.59,2021-04-12
PYPL,271.2665,275.43,276.87,271.0,2021-04-13
PYPL,275.84,267.21,277.86,266.2,2021-04-14
PYPL,271.36,274.0,276.12,270.16,2021-04-15
PYPL,273.16,269.87,274.15,268.59,2021-04-16
PYPL,267.13,267.91,268.5,263.9,2021-04-19
PYPL,269.62,264.43,272.58,262.24,2021-04-20
PYPL,261.41,264.89,266.0,259.27,2021-04-21
PYPL,265.13,262.27,268.16,259.4,2021-04-22
PYPL,260.97,266.03,267.79,260.97,2021-04-23
PYPL,266.66,271.72,271.75,265.92,2021-04-26
PYPL,272.05,268.82,273.82,268.03,2021-04-27
PYPL,268.758,271.09,275.25,267.17,2021-04-28
PYPL,273.26,267.85,273.87,263.53,2021-04-29
PYPL,265.0,262.29,266.1499,261.6,2021-04-30
PYPL,265.06,259.09,265.8,256.18,2021-05-03
PYPL,255.73,250.16,256.8,246.6501,2021-05-04
PYPL,254.92,247.4,254.92,246.245,2021-05-05
PYPL,256.0,252.02,256.3094,245.11,2021-05-06
PYPL,255.92,253.36,258.64,251.64,2021-05-07
PYPL,252.0149,243.63,252.41,243.45,2021-05-10
PYPL,235.0,248.6,250.5553,233.61,2021-05-11
PYPL,240.5889,239.91,246.5,238.82,2021-05-12
PYPL,241.92,240.8,245.68,237.8,2021-05-13
PYPL,244.0188,246.29,247.12,242.27,2021-05-14
PYPL,245.15,244.36,246.24,240.6,2021-05-17
PYPL,243.5,243.21,247.435,242.655,2021-05-18
PYPL,235.86,244.63,245.34,235.11,2021-05-19
PYPL,246.99,251.54,252.93,245.35,2021-05-20
PYPL,253.8008,250.69,255.21,250.41,2021-05-21
PYPL,254.13,257.17,257.6,252.43,2021-05-24
PYPL,258.5,258.65,260.37,257.2801,2021-05-25
PYPL,259.78,261.37,262.32,259.16,2021-05-26
PYPL,259.86,259.47,260.64,256.28,2021-05-27
PYPL,261.07,260.02,263.15,259.87,2021-05-28
PYPL,261.08,259.27,263.42,256.52,2021-06-01
PYPL,260.48,262.17,264.7799,259.58,2021-06-02
PYPL,258.4,257.79,260.98,256.15,2021-06-03
PYPL,259.5138,263.04,263.46,259.15,2021-06-04
PYPL,262.48,260.6,262.94,260.19,2021-06-07
CRM,222.64,220.31,223.75,215.72,2021-01-04
CRM,219.49,221.52,223.0,217.99,2021-01-05
CRM,218.0,216.15,220.46,215.78,2021-01-06
CRM,217.03,217.98,220.66,216.5,2021-01-07
CRM,220.0,222.04,222.32,219.22,2021-01-08
CRM,219.63,218.25,220.58,216.23,2021-01-11
CRM,218.0,215.52,218.3,214.09,2021-01-12
CRM,217.0,218.18,218.9,215.53,2021-01-13
CRM,218.23,215.6,219.5,215.55,2021-01-14
CRM,216.17,213.14,217.87,212.985,2021-01-15
CRM,215.35,216.76,217.28,213.7,2021-01-19
CRM,221.99,223.44,224.64,219.97,2021-01-20
CRM,223.69,222.17,224.74,220.82,2021-01-21
CRM,224.9,225.77,227.79,223.75,2021-01-22
CRM,229.69,225.92,230.3,221.32,2021-01-25
CRM,227.8,226.26,227.91,224.54,2021-01-26
CRM,223.7,224.78,227.81,221.58,2021-01-27
CRM,225.0,226.5,229.6,225.0,2021-01-28
CRM,224.66,225.56,228.79,223.02,2021-01-29
CRM,227.21,228.46,229.9,224.745,2021-02-01
CRM,231.47,234.2,235.95,231.38,2021-02-02
CRM,235.0,234.82,236.0,232.26,2021-02-03
CRM,235.52,237.98,238.23,235.47,2021-02-04
CRM,239.15,238.89,239.36,236.41,2021-02-05
CRM,239.51,238.93,241.11,237.13,2021-02-08
CRM,239.56,236.7,240.08,236.2366,2021-02-09
CRM,237.45,236.72,238.22,233.96,2021-02-10
CRM,238.93,241.24,242.89,238.58,2021-02-11
CRM,240.95,240.37,241.56,238.91,2021-02-12
CRM,245.0,248.59,251.23,243.8,2021-02-16
CRM,248.59,247.66,249.5,245.5,2021-02-17
CRM,245.97,247.01,248.01,242.5701,2021-02-18
CRM,248.0,246.56,249.39,245.98,2021-02-19
CRM,244.26,240.95,244.52,240.38,2021-02-22
CRM,235.26,235.64,238.96,229.01,2021-02-23
CRM,235.53,240.47,241.5,231.51,2021-02-24
CRM,238.53,231.08,240.35,229.77,2021-02-25
CRM,229.39,216.5,230.5,216.34,2021-02-26
CRM,219.9,217.54,220.2,215.03,2021-03-01
CRM,218.4,213.47,218.6,213.34,2021-03-02
CRM,212.83,206.0,213.32,205.395,2021-03-03
CRM,206.84,205.33,209.09,201.51,2021-03-04
CRM,210.01,210.76,212.35,203.22,2021-03-05
CRM,213.62,207.72,214.9,207.57,2021-03-08
CRM,212.18,211.53,215.79,211.17,2021-03-09
CRM,214.72,211.96,216.15,211.77,2021-03-10
CRM,215.0,215.95,218.17,214.3537,2021-03-11
CRM,213.45,212.21,213.85,209.3,2021-03-12
CRM,211.85,212.8,212.94,209.5,2021-03-15
CRM,214.84,214.48,216.69,213.475,2021-03-16
CRM,213.52,213.12,214.81,210.86,2021-03-17
CRM,210.7,209.48,211.38,208.4,2021-03-18
CRM,209.81,212.2,212.75,209.07,2021-03-19
CRM,211.48,215.17,216.98,211.365,2021-03-22
CRM,214.76,215.0,217.43,214.33,2021-03-23
CRM,215.13,209.53,215.28,209.41,2021-03-24
CRM,206.17,205.44,208.17,204.37,2021-03-25
CRM,205.64,209.09,209.41,204.77,2021-03-26
CRM,209.01,210.77,211.652,205.99,2021-03-29
CRM,208.64,210.0,211.29,207.355,2021-03-30
CRM,210.44,211.87,213.6699,210.11,2021-03-31
CRM,213.6,218.72,218.93,213.37,2021-04-01
CRM,219.61,220.29,221.84,218.93,2021-04-05
CRM,219.82,221.09,221.55,218.25,2021-04-06
CRM,221.96,220.79,222.68,219.39,2021-04-07
CRM,223.0,224.45,225.71,222.45,2021-04-08
CRM,224.33,231.28,231.31,223.63,2021-04-09
CRM,229.52,228.76,229.85,227.15,2021-04-12
CRM,229.0,232.0,233.49,228.5,2021-04-13
CRM,232.85,228.02,233.14,227.66,2021-04-14
CRM,229.87,233.0,233.08,229.5,2021-04-15
CRM,234.0,231.91,234.0,229.8935,2021-04-16
CRM,230.83,230.5,232.1953,228.87,2021-04-19
CRM,230.0,227.96,231.45,226.89,2021-04-20
CRM,227.11,230.56,230.79,226.67,2021-04-21
CRM,230.0,231.35,233.89,229.01,2021-04-22
CRM,232.94,233.51,235.49,231.75,2021-04-23
CRM,234.04,235.46,235.8044,232.4155,2021-04-26
CRM,235.46,234.21,235.9,231.91,2021-04-27
CRM,235.0,236.88,238.33,233.53,2021-04-28
CRM,237.32,234.36,237.67,232.17,2021-04-29
CRM,232.8,230.32,234.5,229.52,2021-04-30
CRM,230.77,223.76,231.46,223.07,2021-05-03
CRM,221.67,217.18,222.0,214.3601,2021-05-04
CRM,218.82,215.4,219.5666,214.84,2021-05-05
CRM,215.805,218.05,218.28,213.5,2021-05-06
CRM,220.51,216.5,221.2462,215.09,2021-05-07
CRM,215.498,213.89,215.96,213.23,2021-05-10
CRM,209.0,215.56,216.565,208.91,2021-05-11
CRM,213.34,210.54,213.3699,209.0,2021-05-12
CRM,212.97,211.86,215.64,210.471,2021-05-13
CRM,214.19,217.66,218.27,214.15,2021-05-14
CRM,216.59,215.06,217.72,212.82,2021-05-17
CRM,215.44,214.33,217.3523,213.79,2021-05-18
CRM,215.85,221.34,221.6,214.51,2021-05-19
CRM,222.98,223.78,226.83,222.36,2021-05-20
CRM,225.21,222.58,225.7842,222.44,2021-05-21
CRM,225.0,226.99,227.6,224.21,2021-05-24
CRM,228.0,227.71,229.72,226.28,2021-05-25
CRM,228.48,229.68,230.24,228.29,2021-05-26
CRM,229.52,225.83,229.52,225.39,2021-05-27
CRM,239.22,238.1,243.5,237.83,2021-05-28
CRM,238.0,236.2,238.4,232.46,2021-06-01
CRM,234.4,234.62,238.29,233.9,2021-06-02
CRM,232.89,230.84,233.18,229.43,2021-06-03
CRM,231.63,237.48,237.89,231.52,2021-06-04
CRM,236.6,238.14,239.47,235.84,2021-06-07
NOW,556.94,526.83,557.36,521.51,2021-01-04
NOW,526.04,531.97,533.33,524.8,2021-01-05
NOW,519.77,507.25,520.94,507.06,2021-01-06
NOW,510.0,511.41,516.9,508.71,2021-01-07
NOW,521.64,529.64,531.61,518.16,2021-01-08
NOW,525.0,523.06,526.96,515.08,2021-01-11
NOW,520.0,513.21,522.5099,507.3084,2021-01-12
NOW,518.21,521.71,523.7,511.0,2021-01-13
NOW,527.2,514.34,528.0,512.79,2021-01-14
NOW,518.41,513.76,526.56,513.0,2021-01-15
NOW,515.6,519.42,522.9515,509.685,2021-01-19
NOW,527.99,542.19,543.47,527.01,2021-01-20
NOW,543.5,544.33,546.4,537.87,2021-01-21
NOW,549.75,541.09,554.3395,540.3,2021-01-22
NOW,547.73,537.88,552.8205,525.06,2021-01-25
NOW,540.0,532.46,540.78,530.605,2021-01-26
NOW,524.88,516.5,533.07,508.22,2021-01-27
NOW,545.0,554.24,563.8799,542.86,2021-01-28
NOW,549.08,543.16,552.0,529.34,2021-01-29
NOW,546.01,558.56,564.73,546.01,2021-02-01
NOW,562.88,583.51,588.82,560.1,2021-02-02
NOW,583.0,576.65,587.43,574.56,2021-02-03
NOW,579.89,588.98,589.0,572.13,2021-02-04
NOW,588.68,589.73,592.54,582.32,2021-02-05
NOW,591.31,587.91,598.37,584.0,2021-02-08
NOW,587.14,581.78,588.6,576.01,2021-02-09
NOW,585.76,589.36,593.78,579.01,2021-02-10
NOW,594.0,594.47,595.0,588.0,2021-02-11
NOW,591.32,591.29,593.71,585.53,2021-02-12
NOW,591.82,585.74,594.66,581.151,2021-02-16
NOW,580.0,580.94,583.14,570.75,2021-02-17
NOW,569.96,575.8,579.3087,565.9,2021-02-18
NOW,577.16,570.73,582.11,559.08,2021-02-19
NOW,566.03,550.26,566.03,549.78,2021-02-22
NOW,539.34,551.75,553.8,524.41,2021-02-23
NOW,545.5,551.83,554.1999,538.93,2021-02-24
NOW,550.0,528.79,556.49,526.89,2021-02-25
NOW,532.5,533.46,540.32,521.15,2021-02-26
NOW,544.82,556.47,556.64,540.0449,2021-03-01
NOW,559.56,549.3,562.43,548.31,2021-03-02
NOW,544.29,516.0,545.785,513.67,2021-03-03
NOW,510.94,490.63,517.75,484.9,2021-03-04
NOW,496.24,486.96,496.24,467.15,2021-03-05
NOW,490.78,464.05,497.26,462.505,2021-03-08
NOW,480.71,488.95,493.56,478.78,2021-03-09
NOW,497.11,474.0,499.0,473.96,2021-03-10
NOW,494.49,502.87,511.71,490.22,2021-03-11
NOW,489.0,489.22,494.8794,482.74,2021-03-12
NOW,490.0,496.77,497.21,486.4701,2021-03-15
NOW,504.28,498.99,509.15,495.31,2021-03-16
NOW,491.46,485.0,492.73,476.37,2021-03-17
NOW,479.69,466.18,479.8,464.665,2021-03-18
NOW,468.49,470.84,475.57,463.85,2021-03-19
NOW,471.63,476.65,484.44,471.32,2021-03-22
NOW,480.11,478.17,486.44,476.98,2021-03-23
NOW,480.63,472.32,481.5,470.0,2021-03-24
NOW,467.88,472.18,474.0,463.8,2021-03-25
NOW,473.49,495.0,495.45,471.0001,2021-03-26
NOW,489.46,485.39,492.94,482.05,2021-03-29
NOW,480.0,487.57,490.99,473.21,2021-03-30
NOW,493.44,500.11,506.89,490.515,2021-03-31
NOW,508.0,507.01,512.905,502.4987,2021-04-01
NOW,511.97,514.02,516.07,509.18,2021-04-05
NOW,511.4,509.08,515.14,506.62,2021-04-06
NOW,511.06,510.73,512.89,506.83,2021-04-07
NOW,520.0,524.04,528.82,517.48,2021-04-08
NOW,518.09,530.0,530.61,510.0,2021-04-09
NOW,529.18,537.0,541.215,524.73,2021-04-12
NOW,539.0,548.93,551.28,539.0,2021-04-13
NOW,551.0,544.84,560.19,542.84,2021-04-14
NOW,553.46,559.35,560.17,552.915,2021-04-15
NOW,560.56,556.91,560.79,550.26,2021-04-16
NOW,553.42,549.37,556.88,546.0,2021-04-19
NOW,548.96,540.78,552.92,536.5,2021-04-20
NOW,545.16,546.47,549.07,537.13,2021-04-21
NOW,547.0,548.49,558.0,543.85,2021-04-22
NOW,553.28,552.7,555.89,549.33,2021-04-23
NOW,554.0,559.21,559.39,549.25,2021-04-26
NOW,557.95,562.63,565.29,553.59,2021-04-27
NOW,559.25,557.24,559.79,552.44,2021-04-28
NOW,521.0,505.0,530.8,503.5,2021-04-29
NOW,500.28,506.37,519.82,500.28,2021-04-30
NOW,507.46,490.32,508.2209,488.78,2021-05-03
NOW,485.52,483.3,489.68,473.73,2021-05-04
NOW,489.18,479.97,489.5499,477.0,2021-05-05
NOW,477.1,485.84,486.6,473.1,2021-05-06
NOW,493.4,483.51,494.53,474.445,2021-05-07
NOW,482.5,466.8,482.5,464.7,2021-05-10
NOW,453.8,481.5,486.01,452.46,2021-05-11
NOW,473.23,464.71,475.0,460.01,2021-05-12
NOW,470.0,454.98,471.3211,451.0365,2021-05-13
NOW,461.91,460.33,464.91,458.7838,2021-05-14
NOW,459.47,454.4,459.47,448.27,2021-05-17
NOW,455.46,457.22,463.0,451.0,2021-05-18
NOW,450.25,459.76,460.72,448.27,2021-05-19
NOW,464.67,471.13,475.58,463.29,2021-05-20
NOW,473.89,469.47,478.62,468.93,2021-05-21
NOW,475.0,476.36,479.8,473.52,2021-05-24
NOW,478.75,479.9,483.695,476.37,2021-05-25
NOW,478.81,485.41,487.27,478.04,2021-05-26
NOW,480.97,479.22,482.61,472.63,2021-05-27
NOW,480.0,473.88,482.07,470.55,2021-05-28
NOW,477.6,469.17,477.64,467.04,2021-06-01
NOW,464.57,467.01,472.6,461.91,2021-06-02
NOW,464.31,459.2,465.18,456.0,2021-06-03
NOW,460.0,460.65,465.31,458.72,2021-06-04
NOW,460.02,459.46,462.74,457.0,2021-06-07
TWLO,339.0,334.59,340.5956,326.26,2021-01-04
TWLO,330.43,341.24,341.79,329.0,2021-01-05
TWLO,329.09,329.01,337.93,326.11,2021-01-06
TWLO,339.88,357.15,357.5,337.315,2021-01-07
TWLO,362.34,360.27,373.005,355.79,2021-01-08
TWLO,359.6,362.01,367.68,356.0,2021-01-11
TWLO,363.0,375.15,375.74,362.255,2021-01-12
TWLO,376.0,369.0,381.955,367.99,2021-01-13
TWLO,373.33,385.1,386.7499,371.225,2021-01-14
TWLO,385.0,388.65,398.2858,383.3735,2021-01-15
TWLO,388.5,382.25,390.0,377.62,2021-01-19
TWLO,388.69,392.97,394.36,383.66,2021-01-20
TWLO,392.51,389.0,394.48,383.0,2021-01-21
TWLO,389.06,392.01,392.81,387.68,2021-01-22
TWLO,398.95,380.0,404.27,373.34,2021-01-25
TWLO,381.3,355.15,381.3,354.45,2021-01-26
TWLO,341.04,337.77,352.44,329.13,2021-01-27
TWLO,345.0,360.91,366.93,341.92,2021-01-28
TWLO,360.5,359.43,362.5289,347.77,2021-01-29
TWLO,364.0,371.55,372.09,356.0,2021-02-01
TWLO,378.0,387.25,388.88,375.682,2021-02-02
TWLO,391.2,389.5,393.605,381.68,2021-02-03
TWLO,391.0,399.49,399.5,387.01,2021-02-04
TWLO,398.99,400.06,401.0,395.68,2021-02-05
TWLO,402.01,399.51,407.7699,395.7,2021-02-08
TWLO,409.0,406.57,411.92,402.26,2021-02-09
TWLO,412.32,433.3,437.98,411.67,2021-02-10
TWLO,428.98,433.19,441.19,422.0,2021-02-11
TWLO,430.41,435.29,437.9,421.18,2021-02-12
TWLO,433.92,421.26,435.75,411.53,2021-02-16
TWLO,420.0,411.65,420.0,398.04,2021-02-17
TWLO,441.0,443.49,457.3,437.0,2021-02-18
TWLO,427.01,425.55,434.33,423.96,2021-02-19
TWLO,422.2,409.21,430.0,406.0,2021-02-22
TWLO,388.54,410.59,414.44,371.7,2021-02-23
TWLO,402.81,408.96,414.725,392.2809,2021-02-24
TWLO,410.0,377.59,417.11,377.07,2021-02-25
TWLO,388.15,392.88,395.0,376.0,2021-02-26
TWLO,405.03,415.78,417.1099,399.3525,2021-03-01
TWLO,416.99,394.62,418.0,393.645,2021-03-02
TWLO,390.53,364.52,393.05,361.11,2021-03-03
TWLO,356.97,346.05,371.68,328.1,2021-03-04
TWLO,350.0,337.28,350.36,311.44,2021-03-05
TWLO,338.84,320.59,349.46,320.0,2021-03-08
TWLO,352.26,362.36,365.96,343.74,2021-03-09
TWLO,373.0,352.77,377.0,351.12,2021-03-10
TWLO,370.02,374.25,377.14,362.6,2021-03-11
TWLO,368.0,369.03,371.35,357.595,2021-03-12
TWLO,366.68,369.58,369.97,361.01,2021-03-15
TWLO,380.12,373.22,388.3,365.15,2021-03-16
TWLO,358.31,386.27,388.91,357.03,2021-03-17
TWLO,380.68,352.05,381.18,350.06,2021-03-18
TWLO,353.59,355.8,360.13,342.9,2021-03-19
TWLO,356.22,359.8,363.8,351.37,2021-03-22
TWLO,361.7,354.42,364.16,352.48,2021-03-23
TWLO,355.81,326.5,356.98,325.13,2021-03-24
TWLO,318.38,327.61,334.18,315.25,2021-03-25
TWLO,327.73,319.79,336.0,310.185,2021-03-26
TWLO,320.0,315.08,324.76,306.05,2021-03-29
TWLO,310.25,321.2,323.88,306.04,2021-03-30
TWLO,329.65,340.76,346.65,328.285,2021-03-31
TWLO,350.36,352.04,360.6164,346.0,2021-04-01
TWLO,355.0,348.43,355.55,336.3584,2021-04-05
TWLO,349.0,357.53,362.5,346.8,2021-04-06
TWLO,355.62,353.11,364.93,351.35,2021-04-07
TWLO,361.0,367.07,370.1,359.755,2021-04-08
TWLO,365.0,368.24,369.27,358.75,2021-04-09
TWLO,365.68,371.06,373.77,362.01,2021-04-12
TWLO,375.0,386.6,389.69,374.5,2021-04-13
TWLO,388.12,372.0,393.86,370.3599,2021-04-14
TWLO,377.6,389.89,391.805,375.1,2021-04-15
TWLO,391.0,385.24,394.1999,383.19,2021-04-16
TWLO,377.86,367.46,385.99,362.5,2021-04-19
TWLO,369.0,367.65,377.91,362.28,2021-04-20
TWLO,362.0,370.2,373.3,357.67,2021-04-21
TWLO,373.0,373.77,384.84,371.3338,2021-04-22
TWLO,381.79,384.64,387.71,378.705,2021-04-23
TWLO,386.83,400.68,400.92,384.27,2021-04-26
TWLO,403.0,395.89,405.8,390.68,2021-04-27
TWLO,393.34,393.8,396.696,388.04,2021-04-28
TWLO,394.43,375.44,396.035,369.65,2021-04-29
TWLO,370.36,367.8,377.43,365.105,2021-04-30
TWLO,370.71,359.92,374.0,358.0,2021-05-03
TWLO,348.98,342.03,350.0,328.27,2021-05-04
TWLO,346.0,335.72,349.95,332.08,2021-05-05
TWLO,305.88,304.12,319.8499,298.8901,2021-05-06
TWLO,315.99,307.15,321.0,305.0,2021-05-07
TWLO,300.12,294.7,300.38,286.07,2021-05-10
TWLO,283.69,306.07,309.986,281.32,2021-05-11
TWLO,296.2,296.32,304.06,287.31,2021-05-12
TWLO,301.08,281.02,305.18,275.6,2021-05-13
TWLO,285.46,299.4,299.65,283.5401,2021-05-14
TWLO,297.0,297.2,304.0,288.12,2021-05-17
TWLO,302.15,299.54,308.66,297.0,2021-05-18
TWLO,289.0,298.37,300.5,285.35,2021-05-19
TWLO,300.0,316.31,318.4,299.51,2021-05-20
TWLO,318.2,314.64,322.75,310.4,2021-05-21
TWLO,316.0,324.09,325.77,313.64,2021-05-24
TWLO,326.8,324.21,329.62,322.28,2021-05-25
TWLO,326.95,332.36,335.93,325.35,2021-05-26
TWLO,333.0,338.69,339.84,322.55,2021-05-27
TWLO,338.0,336.0,342.0256,336.0,2021-05-28
TWLO,339.19,333.68,340.96,329.2301,2021-06-01
TWLO,331.22,331.48,338.69,327.24,2021-06-02
TWLO,328.42,309.83,330.505,309.67,2021-06-03
TWLO,313.7,309.91,319.0,309.01,2021-06-04
TWLO,308.84,314.52,315.78,304.5,2021-06-07
